Number of Records,Anger,Anticipation,Disgust,Emotion,Fear,Joy,Negative,Positive,Sadness,Surprise,Trust,Word
,,,1,,,,sadness,,,,, sadness,,,,,blue
,,,1,,,,sadness,,,,, sadness,,,,,bury
,,,1,,,,sadness,,,,, sadness,,,,,calamity
,,,1,,,,sadness,,,,, sadness,,,,,cloudy
,,,1,,,,sadness,,,,, sadness,,,,,corse
,,,1,,,,sadness,,,,, sadness,,,,,couch
,,,1,,,,sadness,,,,, sadness,,,,,cremation
,,,1,,,,sadness,,,,, sadness,,,,,dark
,,,1,,,,sadness,,,,, sadness,,,,,decomposed
,,,1,,,,sadness,,,,, sadness,,,,,deviation
,,,1,,,,sadness,,,,, sadness,,,,,drugged
,,,1,,,,sadness,,,,, sadness,,,,,emptiness
,,,1,,,,sadness,,,,, sadness,,,,,epitaph
,,,1,,,,sadness,,,,, sadness,,,,,funeral
,,,1,,,,sadness,,,,, sadness,,,,,furrow
,,,1,,,,sadness,,,,, sadness,,,,,hospice
,,,1,,,,sadness,,,,, sadness,,,,,invalid
,,,1,,,,sadness,,,,, sadness,,,,,isolate
,,,1,,,,sadness,,,,, sadness,,,,,jurisprudence
,,,1,,,,sadness,,,,, sadness,,,,,kennel
,,,1,,,,sadness,,,,, sadness,,,,,lamenting
,,,1,,,,sadness,,,,, sadness,,,,,lone
,,,1,,,,sadness,,,,, sadness,,,,,mausoleum
,,,1,,,,sadness,,,,, sadness,,,,,meek
,,,1,,,,sadness,,,,, sadness,,,,,memorials
,,,1,,,,sadness,,,,, sadness,,,,,napkin
,,,1,,,,sadness,,,,, sadness,,,,,necessity
,,,1,,,,sadness,,,,, sadness,,,,,older
,,,1,,,,sadness,,,,, sadness,,,,,parting
,,,1,,,,sadness,,,,, sadness,,,,,pensive
,,,1,,,,sadness,,,,, sadness,,,,,pity
,,,1,,,,sadness,,,,, sadness,,,,,plaintive
,,,1,,,,sadness,,,,, sadness,,,,,rainy
,,,1,,,,sadness,,,,, sadness,,,,,refugee
,,,1,,,,sadness,,,,, sadness,,,,,relics
,,,1,,,,sadness,,,,, sadness,,,,,requiem
,,,1,,,,sadness,,,,, sadness,,,,,severance
,,,1,,,,sadness,,,,, sadness,,,,,shroud
,,,1,,,,sadness,,,,, sadness,,,,,snort
,,,1,,,,sadness,,,,, sadness,,,,,stricken
,,,1,,,,sadness,,,,, sadness,,,,,sympathize
,,,1,,,,sadness,,,,, sadness,,,,,terminate
,,,1,,,,sadness,,,,, sadness,,,,,terribly
,,,1,,,,sadness,,,,, sadness,,,,,terrific
,,,1,,,,sadness,,,,, sadness,,,,,tomb
,,,1,,,,sadness,,,,, sadness,,,,,unacknowledged
,,,1,,,,sadness,,,,, sadness,,,,,undertaker
,,,1,,,,sadness,,,,, sadness,,,,,uninvited
,,,1,,,,sadness,,,,, sadness,,,,,unseat
,,,1,,,,sadness,,,,, sadness,,,,,urn
,,,1,,,,sadness,,,,, sadness,,,,,weeping
,,,1,,,,sadness,,,,, sadness,,,,,widow
,,,1,,,,sadness,,,,, sadness,,,,,widower
,,,1,,,,sadness,,,,, sadness,,,,,wrinkled
,,,1,,,,sadness,,,,, sadness,,, trust,,hermit
,,,1,,,,sadness,,,,, sadness,,, trust,,veal
,,,1,,,,sadness,,,,, sadness,, surprise,,,evanescence
,,,1,,,,sadness,,,, positive,,,, trust,,mate
,,,1,,,,sadness,,,, positive, sadness,,,,,anchorage
,,,1,,,,sadness,,,, positive, sadness,,,,,condolence
,,,1,,,,sadness,,,, positive, sadness,,,,,console
,,,1,,,,sadness,,,, positive, sadness,,,,,humbled
,,,1,,,,sadness,,,, positive, sadness,,,,,hut
,,,1,,,,sadness,,,, positive, sadness,,,,,nutritious
,,,1,,,,sadness,,,, positive, sadness,,,,,quiet
,,,1,,,,sadness,,,, positive, sadness,,,,,sympathy
,,,1,,,,sadness,,,, positive, sadness,,, trust,,apologize
,,,1,,,,sadness,,, negative,,,,,,,irregularity
,,,1,,,,sadness,,, negative,, sadness,,,,,abortive
,,,1,,,,sadness,,, negative,, sadness,,,,,abscess
,,,1,,,,sadness,,, negative,, sadness,,,,,absent
,,,1,,,,sadness,,, negative,, sadness,,,,,absentee
,,,1,,,,sadness,,, negative,, sadness,,,,,abysmal
,,,1,,,,sadness,,, negative,, sadness,,,,,ache
,,,1,,,,sadness,,, negative,, sadness,,,,,aching
,,,1,,,,sadness,,, negative,, sadness,,,,,ail
,,,1,,,,sadness,,, negative,, sadness,,,,,alienated
,,,1,,,,sadness,,, negative,, sadness,,,,,annulment
,,,1,,,,sadness,,, negative,, sadness,,,,,apathetic
,,,1,,,,sadness,,, negative,, sadness,,,,,apathy
,,,1,,,,sadness,,, negative,, sadness,,,,,arid
,,,1,,,,sadness,,, negative,, sadness,,,,,ashes
,,,1,,,,sadness,,, negative,, sadness,,,,,attenuation
,,,1,,,,sadness,,, negative,, sadness,,,,,backwater
,,,1,,,,sadness,,, negative,, sadness,,,,,badly
,,,1,,,,sadness,,, negative,, sadness,,,,,barren
,,,1,,,,sadness,,, negative,, sadness,,,,,beg
,,,1,,,,sadness,,, negative,, sadness,,,,,beggar
,,,1,,,,sadness,,, negative,, sadness,,,,,bereaved
,,,1,,,,sadness,,, negative,, sadness,,,,,bereavement
,,,1,,,,sadness,,, negative,, sadness,,,,,black
,,,1,,,,sadness,,, negative,, sadness,,,,,bleak
,,,1,,,,sadness,,, negative,, sadness,,,,,blindly
,,,1,,,,sadness,,, negative,, sadness,,,,,blindness
,,,1,,,,sadness,,, negative,, sadness,,,,,boredom
,,,1,,,,sadness,,, negative,, sadness,,,,,bottom
,,,1,,,,sadness,,, negative,, sadness,,,,,breakup
,,,1,,,,sadness,,, negative,, sadness,,,,,cage
,,,1,,,,sadness,,, negative,, sadness,,,,,cancel
,,,1,,,,sadness,,, negative,, sadness,,,,,captivity
,,,1,,,,sadness,,, negative,, sadness,,,,,chronic
,,,1,,,,sadness,,, negative,, sadness,,,,,clouded
,,,1,,,,sadness,,, negative,, sadness,,,,,cocaine
,,,1,,,,sadness,,, negative,, sadness,,,,,committal
,,,1,,,,sadness,,, negative,, sadness,,,,,conceal
,,,1,,,,sadness,,, negative,, sadness,,,,,crippled
,,,1,,,,sadness,,, negative,, sadness,,,,,crumbling
,,,1,,,,sadness,,, negative,, sadness,,,,,cry
,,,1,,,,sadness,,, negative,, sadness,,,,,crying
,,,1,,,,sadness,,, negative,, sadness,,,,,cumbersome
,,,1,,,,sadness,,, negative,, sadness,,,,,cytomegalovirus
,,,1,,,,sadness,,, negative,, sadness,,,,,damages
,,,1,,,,sadness,,, negative,, sadness,,,,,debt
,,,1,,,,sadness,,, negative,, sadness,,,,,deceased
,,,1,,,,sadness,,, negative,, sadness,,,,,defeated
,,,1,,,,sadness,,, negative,, sadness,,,,,defunct
,,,1,,,,sadness,,, negative,, sadness,,,,,delirious
,,,1,,,,sadness,,, negative,, sadness,,,,,denied
,,,1,,,,sadness,,, negative,, sadness,,,,,departed
,,,1,,,,sadness,,, negative,, sadness,,,,,departure
,,,1,,,,sadness,,, negative,, sadness,,,,,depression
,,,1,,,,sadness,,, negative,, sadness,,,,,depressive
,,,1,,,,sadness,,, negative,, sadness,,,,,detention
,,,1,,,,sadness,,, negative,, sadness,,,,,difficulties
,,,1,,,,sadness,,, negative,, sadness,,,,,diminish
,,,1,,,,sadness,,, negative,, sadness,,,,,disability
,,,1,,,,sadness,,, negative,, sadness,,,,,disappointing
,,,1,,,,sadness,,, negative,, sadness,,,,,disapproval
,,,1,,,,sadness,,, negative,, sadness,,,,,discomfort
,,,1,,,,sadness,,, negative,, sadness,,,,,disconnect
,,,1,,,,sadness,,, negative,, sadness,,,,,disconnected
,,,1,,,,sadness,,, negative,, sadness,,,,,disheartened
,,,1,,,,sadness,,, negative,, sadness,,,,,disheartening
,,,1,,,,sadness,,, negative,, sadness,,,,,dispassionate
,,,1,,,,sadness,,, negative,, sadness,,,,,dispel
,,,1,,,,sadness,,, negative,, sadness,,,,,disqualify
,,,1,,,,sadness,,, negative,, sadness,,,,,distraught
,,,1,,,,sadness,,, negative,, sadness,,,,,doldrums
,,,1,,,,sadness,,, negative,, sadness,,,,,dole
,,,1,,,,sadness,,, negative,, sadness,,,,,dolor
,,,1,,,,sadness,,, negative,, sadness,,,,,drab
,,,1,,,,sadness,,, negative,, sadness,,,,,dreary
,,,1,,,,sadness,,, negative,, sadness,,,,,dull
,,,1,,,,sadness,,, negative,, sadness,,,,,embarrass
,,,1,,,,sadness,,, negative,, sadness,,,,,error
,,,1,,,,sadness,,, negative,, sadness,,,,,evict
,,,1,,,,sadness,,, negative,, sadness,,,,,excluding
,,,1,,,,sadness,,, negative,, sadness,,,,,exhausted
,,,1,,,,sadness,,, negative,, sadness,,,,,expire
,,,1,,,,sadness,,, negative,, sadness,,,,,extinct
,,,1,,,,sadness,,, negative,, sadness,,,,,faithless
,,,1,,,,sadness,,, negative,, sadness,,,,,fall
,,,1,,,,sadness,,, negative,, sadness,,,,,falling
,,,1,,,,sadness,,, negative,, sadness,,,,,famine
,,,1,,,,sadness,,, negative,, sadness,,,,,fasting
,,,1,,,,sadness,,, negative,, sadness,,,,,fatigued
,,,1,,,,sadness,,, negative,, sadness,,,,,fault
,,,1,,,,sadness,,, negative,, sadness,,,,,feeble
,,,1,,,,sadness,,, negative,, sadness,,,,,fell
,,,1,,,,sadness,,, negative,, sadness,,,,,flaccid
,,,1,,,,sadness,,, negative,, sadness,,,,,flaw
,,,1,,,,sadness,,, negative,, sadness,,,,,forbid
,,,1,,,,sadness,,, negative,, sadness,,,,,forlorn
,,,1,,,,sadness,,, negative,, sadness,,,,,forsake
,,,1,,,,sadness,,, negative,, sadness,,,,,frailty
,,,1,,,,sadness,,, negative,, sadness,,,,,frayed
,,,1,,,,sadness,,, negative,, sadness,,,,,frown
,,,1,,,,sadness,,, negative,, sadness,,,,,fruitless
,,,1,,,,sadness,,, negative,, sadness,,,,,funk
,,,1,,,,sadness,,, negative,, sadness,,,,,futile
,,,1,,,,sadness,,, negative,, sadness,,,,,geriatric
,,,1,,,,sadness,,, negative,, sadness,,,,,gloom
,,,1,,,,sadness,,, negative,, sadness,,,,,gloomy
,,,1,,,,sadness,,, negative,, sadness,,,,,glum
,,,1,,,,sadness,,, negative,, sadness,,,,,grief
,,,1,,,,sadness,,, negative,, sadness,,,,,haggard
,,,1,,,,sadness,,, negative,, sadness,,,,,handicap
,,,1,,,,sadness,,, negative,, sadness,,,,,hardship
,,,1,,,,sadness,,, negative,, sadness,,,,,heartache
,,,1,,,,sadness,,, negative,, sadness,,,,,heartless
,,,1,,,,sadness,,, negative,, sadness,,,,,hindering
,,,1,,,,sadness,,, negative,, sadness,,,,,hoary
,,,1,,,,sadness,,, negative,, sadness,,,,,hobo
,,,1,,,,sadness,,, negative,, sadness,,,,,hollow
,,,1,,,,sadness,,, negative,, sadness,,,,,homesick
,,,1,,,,sadness,,, negative,, sadness,,,,,impossible
,,,1,,,,sadness,,, negative,, sadness,,,,,imprudent
,,,1,,,,sadness,,, negative,, sadness,,,,,inability
,,,1,,,,sadness,,, negative,, sadness,,,,,inadequate
,,,1,,,,sadness,,, negative,, sadness,,,,,inconsequential
,,,1,,,,sadness,,, negative,, sadness,,,,,indigent
,,,1,,,,sadness,,, negative,, sadness,,,,,inefficient
,,,1,,,,sadness,,, negative,, sadness,,,,,infamy
,,,1,,,,sadness,,, negative,, sadness,,,,,inferior
,,,1,,,,sadness,,, negative,, sadness,,,,,infertility
,,,1,,,,sadness,,, negative,, sadness,,,,,inhospitable
,,,1,,,,sadness,,, negative,, sadness,,,,,inhumanity
,,,1,,,,sadness,,, negative,, sadness,,,,,inter
,,,1,,,,sadness,,, negative,, sadness,,,,,interment
,,,1,,,,sadness,,, negative,, sadness,,,,,interrupted
,,,1,,,,sadness,,, negative,, sadness,,,,,isolation
,,,1,,,,sadness,,, negative,, sadness,,,,,labored
,,,1,,,,sadness,,, negative,, sadness,,,,,late
,,,1,,,,sadness,,, negative,, sadness,,,,,lax
,,,1,,,,sadness,,, negative,, sadness,,,,,lethargy
,,,1,,,,sadness,,, negative,, sadness,,,,,listless
,,,1,,,,sadness,,, negative,, sadness,,,,,lonesome
,,,1,,,,sadness,,, negative,, sadness,,,,,lost
,,,1,,,,sadness,,, negative,, sadness,,,,,lower
,,,1,,,,sadness,,, negative,, sadness,,,,,lowest
,,,1,,,,sadness,,, negative,, sadness,,,,,lowly
,,,1,,,,sadness,,, negative,, sadness,,,,,malaise
,,,1,,,,sadness,,, negative,, sadness,,,,,margin
,,,1,,,,sadness,,, negative,, sadness,,,,,meaningless
,,,1,,,,sadness,,, negative,, sadness,,,,,melancholic
,,,1,,,,sadness,,, negative,, sadness,,,,,melancholy
,,,1,,,,sadness,,, negative,, sadness,,,,,meltdown
,,,1,,,,sadness,,, negative,, sadness,,,,,miserably
,,,1,,,,sadness,,, negative,, sadness,,,,,misrepresentation
,,,1,,,,sadness,,, negative,, sadness,,,,,mistake
,,,1,,,,sadness,,, negative,, sadness,,,,,monsoon
,,,1,,,,sadness,,, negative,, sadness,,,,,morbid
,,,1,,,,sadness,,, negative,, sadness,,,,,moribund
,,,1,,,,sadness,,, negative,, sadness,,,,,mourn
,,,1,,,,sadness,,, negative,, sadness,,,,,mourning
,,,1,,,,sadness,,, negative,, sadness,,,,,negative
,,,1,,,,sadness,,, negative,, sadness,,,,,negro
,,,1,,,,sadness,,, negative,, sadness,,,,,nonsensical
,,,1,,,,sadness,,, negative,, sadness,,,,,noose
,,,1,,,,sadness,,, negative,, sadness,,,,,nothingness
,,,1,,,,sadness,,, negative,, sadness,,,,,numbness
,,,1,,,,sadness,,, negative,, sadness,,,,,obituary
,,,1,,,,sadness,,, negative,, sadness,,,,,ovation
,,,1,,,,sadness,,, negative,, sadness,,,,,overload
,,,1,,,,sadness,,, negative,, sadness,,,,,overwhelmed
,,,1,,,,sadness,,, negative,, sadness,,,,,painfully
,,,1,,,,sadness,,, negative,, sadness,,,,,pauper
,,,1,,,,sadness,,, negative,, sadness,,,,,perished
,,,1,,,,sadness,,, negative,, sadness,,,,,perplexity
,,,1,,,,sadness,,, negative,, sadness,,,,,pine
,,,1,,,,sadness,,, negative,, sadness,,,,,pointless
,,,1,,,,sadness,,, negative,, sadness,,,,,posthumous
,,,1,,,,sadness,,, negative,, sadness,,,,,rack
,,,1,,,,sadness,,, negative,, sadness,,,,,refused
,,,1,,,,sadness,,, negative,, sadness,,,,,regret
,,,1,,,,sadness,,, negative,, sadness,,,,,regrettable
,,,1,,,,sadness,,, negative,, sadness,,,,,regretted
,,,1,,,,sadness,,, negative,, sadness,,,,,regretting
,,,1,,,,sadness,,, negative,, sadness,,,,,remorse
,,,1,,,,sadness,,, negative,, sadness,,,,,repress
,,,1,,,,sadness,,, negative,, sadness,,,,,resigned
,,,1,,,,sadness,,, negative,, sadness,,,,,restrict
,,,1,,,,sadness,,, negative,, sadness,,,,,rue
,,,1,,,,sadness,,, negative,, sadness,,,,,rumor
,,,1,,,,sadness,,, negative,, sadness,,,,,runaway
,,,1,,,,sadness,,, negative,, sadness,,,,,sadly
,,,1,,,,sadness,,, negative,, sadness,,,,,sap
,,,1,,,,sadness,,, negative,, sadness,,,,,scarcely
,,,1,,,,sadness,,, negative,, sadness,,,,,secluded
,,,1,,,,sadness,,, negative,, sadness,,,,,sequestration
,,,1,,,,sadness,,, negative,, sadness,,,,,setback
,,,1,,,,sadness,,, negative,, sadness,,,,,shameful
,,,1,,,,sadness,,, negative,, sadness,,,,,shattered
,,,1,,,,sadness,,, negative,, sadness,,,,,sluggish
,,,1,,,,sadness,,, negative,, sadness,,,,,slump
,,,1,,,,sadness,,, negative,, sadness,,,,,sob
,,,1,,,,sadness,,, negative,, sadness,,,,,somber
,,,1,,,,sadness,,, negative,, sadness,,,,,sorely
,,,1,,,,sadness,,, negative,, sadness,,,,,sorrowful
,,,1,,,,sadness,,, negative,, sadness,,,,,splitting
,,,1,,,,sadness,,, negative,, sadness,,,,,spoiler
,,,1,,,,sadness,,, negative,, sadness,,,,,sprain
,,,1,,,,sadness,,, negative,, sadness,,,,,stagnant
,,,1,,,,sadness,,, negative,, sadness,,,,,sterile
,,,1,,,,sadness,,, negative,, sadness,,,,,stillborn
,,,1,,,,sadness,,, negative,, sadness,,,,,strip
,,,1,,,,sadness,,, negative,, sadness,,,,,subjected
,,,1,,,,sadness,,, negative,, sadness,,,,,subsidence
,,,1,,,,sadness,,, negative,, sadness,,,,,surrendering
,,,1,,,,sadness,,, negative,, sadness,,,,,taint
,,,1,,,,sadness,,, negative,, sadness,,,,,tax
,,,1,,,,sadness,,, negative,, sadness,,,,,termination
,,,1,,,,sadness,,, negative,, sadness,,,,,tough
,,,1,,,,sadness,,, negative,, sadness,,,,,unable
,,,1,,,,sadness,,, negative,, sadness,,,,,unacceptable
,,,1,,,,sadness,,, negative,, sadness,,,,,undesired
,,,1,,,,sadness,,, negative,, sadness,,,,,uneducated
,,,1,,,,sadness,,, negative,, sadness,,,,,unfortunate
,,,1,,,,sadness,,, negative,, sadness,,,,,ungodly
,,,1,,,,sadness,,, negative,, sadness,,,,,unhappiness
,,,1,,,,sadness,,, negative,, sadness,,,,,unimportant
,,,1,,,,sadness,,, negative,, sadness,,,,,uninspired
,,,1,,,,sadness,,, negative,, sadness,,,,,uninterested
,,,1,,,,sadness,,, negative,, sadness,,,,,uninteresting
,,,1,,,,sadness,,, negative,, sadness,,,,,unrequited
,,,1,,,,sadness,,, negative,, sadness,,,,,unsuccessful
,,,1,,,,sadness,,, negative,, sadness,,,,,untitled
,,,1,,,,sadness,,, negative,, sadness,,,,,unwelcome
,,,1,,,,sadness,,, negative,, sadness,,,,,unwell
,,,1,,,,sadness,,, negative,, sadness,,,,,wane
,,,1,,,,sadness,,, negative,, sadness,,,,,wanting
,,,1,,,,sadness,,, negative,, sadness,,,,,wearily
,,,1,,,,sadness,,, negative,, sadness,,,,,weariness
,,,1,,,,sadness,,, negative,, sadness,,,,,weary
,,,1,,,,sadness,,, negative,, sadness,,,,,weeds
,,,1,,,,sadness,,, negative,, sadness,,,,,weep
,,,1,,,,sadness,,, negative,, sadness,,,,,withdraw
,,,1,,,,sadness,,, negative,, sadness,,,,,wither
,,,1,,,,sadness,,, negative,, sadness,,,,,woeful
,,,1,,,,sadness,,, negative,, sadness,,,,,worn
,,,1,,,,sadness,,, negative,, sadness,,,,,worried
,,,1,,,,sadness,,, negative,, sadness,,, trust,,gullible
,,,1,,,,sadness,,, negative,, sadness,,, trust,,sadness
,,,1,,,,sadness,,, negative,, sadness,, surprise,,,leave
,,,1,,,,sadness,,, negative,, sadness,, surprise,,,obit
,,,1,,,,sadness,,, negative,, sadness,, surprise,,,resignation
,,,1,,,,sadness,,, negative, positive, sadness,,,,,intervention
,,,1,,,,sadness,, joy,, positive, sadness,,,,,demonstrative
,,,1,,,,sadness,, joy,, positive, sadness,,,,,music
,,,1,,,,sadness,, joy,, positive, sadness,,,,,sonnet
,,,1,,,,sadness,, joy,, positive, sadness,,, trust,,esteem
,,,1,,,,sadness,, joy,, positive, sadness,,, trust,,heartfelt
,,,1,,,,sadness,, joy,, positive, sadness,, surprise,,,procession
,,,1,,,,sadness, fear,,,, sadness,,,,,bomber
,,,1,,,,sadness, fear,,,, sadness,,,,,concerned
,,,1,,,,sadness, fear,,,, sadness,,,,,descent
,,,1,,,,sadness, fear,,,, sadness,,,,,endocarditis
,,,1,,,,sadness, fear,,,, sadness,,,,,intercede
,,,1,,,,sadness, fear,,,, sadness,,,,,moan
,,,1,,,,sadness, fear,,,, sadness,,,,,penance
,,,1,,,,sadness, fear,,,, sadness,,,,,seriousness
,,,1,,,,sadness, fear,,,, sadness,,,,,stretcher
,,,1,,,,sadness, fear,,,, sadness,,,,,surgery
,,,1,,,,sadness, fear,,,, sadness,,,,,unrest
,,,1,,,,sadness, fear,,,, sadness,,,,,whimper
,,,1,,,,sadness, fear,,,, sadness,,, trust,,hospital
,,,1,,,,sadness, fear,,, positive, sadness,,,,,stillness
,,,1,,,,sadness, fear,,, positive, sadness,,, trust,,fortress
,,,1,,,,sadness, fear,, negative,, sadness,,,,,abandon
,,,1,,,,sadness, fear,, negative,, sadness,,,,,absence
,,,1,,,,sadness, fear,, negative,, sadness,,,,,abyss
,,,1,,,,sadness, fear,, negative,, sadness,,,,,afflict
,,,1,,,,sadness, fear,, negative,, sadness,,,,,ailing
,,,1,,,,sadness, fear,, negative,, sadness,,,,,appendicitis
,,,1,,,,sadness, fear,, negative,, sadness,,,,,atherosclerosis
,,,1,,,,sadness, fear,, negative,, sadness,,,,,austere
,,,1,,,,sadness, fear,, negative,, sadness,,,,,bankrupt
,,,1,,,,sadness, fear,, negative,, sadness,,,,,battered
,,,1,,,,sadness, fear,, negative,, sadness,,,,,bier
,,,1,,,,sadness, fear,, negative,, sadness,,,,,blackness
,,,1,,,,sadness, fear,, negative,, sadness,,,,,blues
,,,1,,,,sadness, fear,, negative,, sadness,,,,,bondage
,,,1,,,,sadness, fear,, negative,, sadness,,,,,broke
,,,1,,,,sadness, fear,, negative,, sadness,,,,,burdensome
,,,1,,,,sadness, fear,, negative,, sadness,,,,,buried
,,,1,,,,sadness, fear,, negative,, sadness,,,,,captive
,,,1,,,,sadness, fear,, negative,, sadness,,,,,carcinoma
,,,1,,,,sadness, fear,, negative,, sadness,,,,,cardiomyopathy
,,,1,,,,sadness, fear,, negative,, sadness,,,,,case
,,,1,,,,sadness, fear,, negative,, sadness,,,,,casket
,,,1,,,,sadness, fear,, negative,, sadness,,,,,cemetery
,,,1,,,,sadness, fear,, negative,, sadness,,,,,chargeable
,,,1,,,,sadness, fear,, negative,, sadness,,,,,coffin
,,,1,,,,sadness, fear,, negative,, sadness,,,,,coma
,,,1,,,,sadness, fear,, negative,, sadness,,,,,comatose
,,,1,,,,sadness, fear,, negative,, sadness,,,,,cripple
,,,1,,,,sadness, fear,, negative,, sadness,,,,,crypt
,,,1,,,,sadness, fear,, negative,, sadness,,,,,cyst
,,,1,,,,sadness, fear,, negative,, sadness,,,,,danger
,,,1,,,,sadness, fear,, negative,, sadness,,,,,darken
,,,1,,,,sadness, fear,, negative,, sadness,,,,,darkened
,,,1,,,,sadness, fear,, negative,, sadness,,,,,debacle
,,,1,,,,sadness, fear,, negative,, sadness,,,,,decay
,,,1,,,,sadness, fear,, negative,, sadness,,,,,defenseless
,,,1,,,,sadness, fear,, negative,, sadness,,,,,dementia
,,,1,,,,sadness, fear,, negative,, sadness,,,,,demise
,,,1,,,,sadness, fear,, negative,, sadness,,,,,demoralized
,,,1,,,,sadness, fear,, negative,, sadness,,,,,dependence
,,,1,,,,sadness, fear,, negative,, sadness,,,,,deport
,,,1,,,,sadness, fear,, negative,, sadness,,,,,depress
,,,1,,,,sadness, fear,, negative,, sadness,,,,,desolation
,,,1,,,,sadness, fear,, negative,, sadness,,,,,despairing
,,,1,,,,sadness, fear,, negative,, sadness,,,,,destitute
,,,1,,,,sadness, fear,, negative,, sadness,,,,,deteriorate
,,,1,,,,sadness, fear,, negative,, sadness,,,,,die
,,,1,,,,sadness, fear,, negative,, sadness,,,,,disable
,,,1,,,,sadness, fear,, negative,, sadness,,,,,disabled
,,,1,,,,sadness, fear,, negative,, sadness,,,,,discourage
,,,1,,,,sadness, fear,, negative,, sadness,,,,,disembodied
,,,1,,,,sadness, fear,, negative,, sadness,,,,,doomed
,,,1,,,,sadness, fear,, negative,, sadness,,,,,downfall
,,,1,,,,sadness, fear,, negative,, sadness,,,,,drown
,,,1,,,,sadness, fear,, negative,, sadness,,,,,dwarfed
,,,1,,,,sadness, fear,, negative,, sadness,,,,,emaciated
,,,1,,,,sadness, fear,, negative,, sadness,,,,,embolism
,,,1,,,,sadness, fear,, negative,, sadness,,,,,euthanasia
,,,1,,,,sadness, fear,, negative,, sadness,,,,,evasion
,,,1,,,,sadness, fear,, negative,, sadness,,,,,exorcism
,,,1,,,,sadness, fear,, negative,, sadness,,,,,exterminate
,,,1,,,,sadness, fear,, negative,, sadness,,,,,fatality
,,,1,,,,sadness, fear,, negative,, sadness,,,,,fearful
,,,1,,,,sadness, fear,, negative,, sadness,,,,,flounder
,,,1,,,,sadness, fear,, negative,, sadness,,,,,foreclose
,,,1,,,,sadness, fear,, negative,, sadness,,,,,forfeiture
,,,1,,,,sadness, fear,, negative,, sadness,,,,,forgotten
,,,1,,,,sadness, fear,, negative,, sadness,,,,,fragile
,,,1,,,,sadness, fear,, negative,, sadness,,,,,fraught
,,,1,,,,sadness, fear,, negative,, sadness,,,,,grave
,,,1,,,,sadness, fear,, negative,, sadness,,,,,grieve
,,,1,,,,sadness, fear,, negative,, sadness,,,,,grounded
,,,1,,,,sadness, fear,, negative,, sadness,,,,,halting
,,,1,,,,sadness, fear,, negative,, sadness,,,,,haunted
,,,1,,,,sadness, fear,, negative,, sadness,,,,,hearse
,,,1,,,,sadness, fear,, negative,, sadness,,,,,helpless
,,,1,,,,sadness, fear,, negative,, sadness,,,,,helplessness
,,,1,,,,sadness, fear,, negative,, sadness,,,,,hopeless
,,,1,,,,sadness, fear,, negative,, sadness,,,,,horrors
,,,1,,,,sadness, fear,, negative,, sadness,,,,,illness
,,,1,,,,sadness, fear,, negative,, sadness,,,,,incrimination
,,,1,,,,sadness, fear,, negative,, sadness,,,,,infliction
,,,1,,,,sadness, fear,, negative,, sadness,,,,,injured
,,,1,,,,sadness, fear,, negative,, sadness,,,,,insurmountable
,,,1,,,,sadness, fear,, negative,, sadness,,,,,irreparable
,,,1,,,,sadness, fear,, negative,, sadness,,,,,isolated
,,,1,,,,sadness, fear,, negative,, sadness,,,,,jail
,,,1,,,,sadness, fear,, negative,, sadness,,,,,jarring
,,,1,,,,sadness, fear,, negative,, sadness,,,,,kill
,,,1,,,,sadness, fear,, negative,, sadness,,,,,knell
,,,1,,,,sadness, fear,, negative,, sadness,,,,,landslide
,,,1,,,,sadness, fear,, negative,, sadness,,,,,languishing
,,,1,,,,sadness, fear,, negative,, sadness,,,,,lifeless
,,,1,,,,sadness, fear,, negative,, sadness,,,,,lockup
,,,1,,,,sadness, fear,, negative,, sadness,,,,,loneliness
,,,1,,,,sadness, fear,, negative,, sadness,,,,,malignancy
,,,1,,,,sadness, fear,, negative,, sadness,,,,,martyr
,,,1,,,,sadness, fear,, negative,, sadness,,,,,martyrdom
,,,1,,,,sadness, fear,, negative,, sadness,,,,,miscarriage
,,,1,,,,sadness, fear,, negative,, sadness,,,,,misfortune
,,,1,,,,sadness, fear,, negative,, sadness,,,,,missing
,,,1,,,,sadness, fear,, negative,, sadness,,,,,mortuary
,,,1,,,,sadness, fear,, negative,, sadness,,,,,neuralgia
,,,1,,,,sadness, fear,, negative,, sadness,,,,,neurosis
,,,1,,,,sadness, fear,, negative,, sadness,,,,,obliteration
,,,1,,,,sadness, fear,, negative,, sadness,,,,,orphan
,,,1,,,,sadness, fear,, negative,, sadness,,,,,pain
,,,1,,,,sadness, fear,, negative,, sadness,,,,,pained
,,,1,,,,sadness, fear,, negative,, sadness,,,,,pandemic
,,,1,,,,sadness, fear,, negative,, sadness,,,,,penal
,,,1,,,,sadness, fear,, negative,, sadness,,,,,perish
,,,1,,,,sadness, fear,, negative,, sadness,,,,,perishing
,,,1,,,,sadness, fear,, negative,, sadness,,,,,pessimist
,,,1,,,,sadness, fear,, negative,, sadness,,,,,polio
,,,1,,,,sadness, fear,, negative,, sadness,,,,,problem
,,,1,,,,sadness, fear,, negative,, sadness,,,,,relapse
,,,1,,,,sadness, fear,, negative,, sadness,,,,,rubble
,,,1,,,,sadness, fear,, negative,, sadness,,,,,ruin
,,,1,,,,sadness, fear,, negative,, sadness,,,,,sarcoma
,,,1,,,,sadness, fear,, negative,, sadness,,,,,scarce
,,,1,,,,sadness, fear,, negative,, sadness,,,,,senile
,,,1,,,,sadness, fear,, negative,, sadness,,,,,sepsis
,,,1,,,,sadness, fear,, negative,, sadness,,,,,shipwreck
,,,1,,,,sadness, fear,, negative,, sadness,,,,,shrink
,,,1,,,,sadness, fear,, negative,, sadness,,,,,sorrow
,,,1,,,,sadness, fear,, negative,, sadness,,,,,specter
,,,1,,,,sadness, fear,, negative,, sadness,,,,,speculation
,,,1,,,,sadness, fear,, negative,, sadness,,,,,spinster
,,,1,,,,sadness, fear,, negative,, sadness,,,,,squall
,,,1,,,,sadness, fear,, negative,, sadness,,,,,starvation
,,,1,,,,sadness, fear,, negative,, sadness,,,,,stint
,,,1,,,,sadness, fear,, negative,, sadness,,,,,stroke
,,,1,,,,sadness, fear,, negative,, sadness,,,,,sufferer
,,,1,,,,sadness, fear,, negative,, sadness,,,,,surrender
,,,1,,,,sadness, fear,, negative,, sadness,,,,,terminal
,,,1,,,,sadness, fear,, negative,, sadness,,,,,throb
,,,1,,,,sadness, fear,, negative,, sadness,,,,,timid
,,,1,,,,sadness, fear,, negative,, sadness,,,,,tragedy
,,,1,,,,sadness, fear,, negative,, sadness,,,,,tribulation
,,,1,,,,sadness, fear,, negative,, sadness,,,,,tumour
,,,1,,,,sadness, fear,, negative,, sadness,,,,,tyranny
,,,1,,,,sadness, fear,, negative,, sadness,,,,,unemployed
,,,1,,,,sadness, fear,, negative,, sadness,,,,,vulnerability
,,,1,,,,sadness, fear,, negative,, sadness,,,,,wail
,,,1,,,,sadness, fear,, negative,, sadness,,,,,wan
,,,1,,,,sadness, fear,, negative,, sadness,,,,,weakly
,,,1,,,,sadness, fear,, negative,, sadness,,,,,worse
,,,1,,,,sadness, fear,, negative,, sadness,,, trust,,doubt
,,,1,,,,sadness, fear,, negative,, sadness,,, trust,,insolvent
,,,1,,,,sadness, fear,, negative,, sadness,, surprise,,,abduction
,,,1,,,,sadness, fear,, negative,, sadness,, surprise,,,accident
,,,1,,,,sadness, fear,, negative,, sadness,, surprise,,,avalanche
,,,1,,,,sadness, fear,, negative,, sadness,, surprise,,,crash
,,,1,,,,sadness, fear,, negative,, sadness,, surprise,,,deluge
,,,1,,,,sadness, fear,, negative,, sadness,, surprise,,,embarrassment
,,,1,,,,sadness, fear,, negative,, sadness,, surprise,,,emergency
,,,1,,,,sadness, fear,, negative,, sadness,, surprise,,,fainting
,,,1,,,,sadness, fear,, negative,, sadness,, surprise,,,fearfully
,,,1,,,,sadness, fear,, negative,, sadness,, surprise,,,frighten
,,,1,,,,sadness, fear,, negative,, sadness,, surprise,,,insolvency
,,,1,,,,sadness, fear,, negative,, sadness,, surprise,,,rupture
,,,1,,,,sadness, fear,, negative,, sadness,, surprise,,,syncope
,,,1,,,,sadness, fear,, negative,, sadness,, surprise,,,vanished
,,,1,,,,sadness, fear,, negative,, sadness,, surprise,,,wildfire
,,,1,,,,sadness, fear, joy,, positive, sadness,,, trust,,sympathetic
,,,1,,, disgust,sadness,,,,, sadness,,,,,gray
,,,1,,, disgust,sadness,,,, positive, sadness,,,,,interested
,,,1,,, disgust,sadness,,,, positive, sadness,,, trust,,pious
,,,1,,, disgust,sadness,,, negative,, sadness,,,,,adultery
,,,1,,, disgust,sadness,,, negative,, sadness,,,,,ashamed
,,,1,,, disgust,sadness,,, negative,, sadness,,,,,bastard
,,,1,,, disgust,sadness,,, negative,, sadness,,,,,blighted
,,,1,,, disgust,sadness,,, negative,, sadness,,,,,blunder
,,,1,,, disgust,sadness,,, negative,, sadness,,,,,bum
,,,1,,, disgust,sadness,,, negative,, sadness,,,,,chagrin
,,,1,,, disgust,sadness,,, negative,, sadness,,,,,corpse
,,,1,,, disgust,sadness,,, negative,, sadness,,,,,decayed
,,,1,,, disgust,sadness,,, negative,, sadness,,,,,deceitful
,,,1,,, disgust,sadness,,, negative,, sadness,,,,,deformed
,,,1,,, disgust,sadness,,, negative,, sadness,,,,,delirium
,,,1,,, disgust,sadness,,, negative,, sadness,,,,,depressing
,,,1,,, disgust,sadness,,, negative,, sadness,,,,,deteriorated
,,,1,,, disgust,sadness,,, negative,, sadness,,,,,dilapidated
,,,1,,, disgust,sadness,,, negative,, sadness,,,,,disappointment
,,,1,,, disgust,sadness,,, negative,, sadness,,,,,discolored
,,,1,,, disgust,sadness,,, negative,, sadness,,,,,dysentery
,,,1,,, disgust,sadness,,, negative,, sadness,,,,,excluded
,,,1,,, disgust,sadness,,, negative,, sadness,,,,,fat
,,,1,,, disgust,sadness,,, negative,, sadness,,,,,fatty
,,,1,,, disgust,sadness,,, negative,, sadness,,,,,flop
,,,1,,, disgust,sadness,,, negative,, sadness,,,,,groan
,,,1,,, disgust,sadness,,, negative,, sadness,,,,,guilt
,,,1,,, disgust,sadness,,, negative,, sadness,,,,,humiliation
,,,1,,, disgust,sadness,,, negative,, sadness,,,,,inefficiency
,,,1,,, disgust,sadness,,, negative,, sadness,,,,,lesbian
,,,1,,, disgust,sadness,,, negative,, sadness,,,,,lush
,,,1,,, disgust,sadness,,, negative,, sadness,,,,,murky
,,,1,,, disgust,sadness,,, negative,, sadness,,,,,nauseous
,,,1,,, disgust,sadness,,, negative,, sadness,,,,,obesity
,,,1,,, disgust,sadness,,, negative,, sadness,,,,,pathetic
,,,1,,, disgust,sadness,,, negative,, sadness,,,,,prostitution
,,,1,,, disgust,sadness,,, negative,, sadness,,,,,shack
,,,1,,, disgust,sadness,,, negative,, sadness,,,,,sick
,,,1,,, disgust,sadness,,, negative,, sadness,,,,,sickly
,,,1,,, disgust,sadness,,, negative,, sadness,,,,,soreness
,,,1,,, disgust,sadness,,, negative,, sadness,,,,,tarnish
,,,1,,, disgust,sadness,,, negative,, sadness,,,,,trash
,,,1,,, disgust,sadness,,, negative,, sadness,,,,,unattractive
,,,1,,, disgust,sadness,,, negative,, sadness,,,,,unbearable
,,,1,,, disgust,sadness,,, negative,, sadness,,,,,unfavorable
,,,1,,, disgust,sadness,,, negative,, sadness,,,,,unpleasant
,,,1,,, disgust,sadness,,, negative,, sadness,,,,,unpopular
,,,1,,, disgust,sadness,,, negative,, sadness,,,,,unsatisfied
,,,1,,, disgust,sadness,,, negative,, sadness,,,,,vainly
,,,1,,, disgust,sadness,,, negative,, sadness,,,,,vegetative
,,,1,,, disgust,sadness,,, negative,, sadness,,,,,wallow
,,,1,,, disgust,sadness,,, negative,, sadness,,,,,whine
,,,1,,, disgust,sadness,,, negative,, sadness,,,,,woefully
,,,1,,, disgust,sadness,,, negative,, sadness,,,,,worsening
,,,1,,, disgust,sadness,,, negative,, sadness,,,,,wretched
,,,1,,, disgust,sadness,,, negative,, sadness,, surprise,,,oddity
,,,1,,, disgust,sadness,,, negative, positive, sadness,,,,,humble
,,,1,,, disgust,sadness, fear,,,, sadness,,,,,tearful
,,,1,,, disgust,sadness, fear,, negative,, sadness,,,,,abortion
,,,1,,, disgust,sadness, fear,, negative,, sadness,,,,,affliction
,,,1,,, disgust,sadness, fear,, negative,, sadness,,,,,anthrax
,,,1,,, disgust,sadness, fear,, negative,, sadness,,,,,arsenic
,,,1,,, disgust,sadness, fear,, negative,, sadness,,,,,atrophy
,,,1,,, disgust,sadness, fear,, negative,, sadness,,,,,autopsy
,,,1,,, disgust,sadness, fear,, negative,, sadness,,,,,bacteria
,,,1,,, disgust,sadness, fear,, negative,, sadness,,,,,bleeding
,,,1,,, disgust,sadness, fear,, negative,, sadness,,,,,blight
,,,1,,, disgust,sadness, fear,, negative,, sadness,,,,,carcass
,,,1,,, disgust,sadness, fear,, negative,, sadness,,,,,cholera
,,,1,,, disgust,sadness, fear,, negative,, sadness,,,,,collapse
,,,1,,, disgust,sadness, fear,, negative,, sadness,,,,,contaminated
,,,1,,, disgust,sadness, fear,, negative,, sadness,,,,,coward
,,,1,,, disgust,sadness, fear,, negative,, sadness,,,,,cringe
,,,1,,, disgust,sadness, fear,, negative,, sadness,,,,,cupping
,,,1,,, disgust,sadness, fear,, negative,, sadness,,,,,decomposition
,,,1,,, disgust,sadness, fear,, negative,, sadness,,,,,default
,,,1,,, disgust,sadness, fear,, negative,, sadness,,,,,deformity
,,,1,,, disgust,sadness, fear,, negative,, sadness,,,,,degrading
,,,1,,, disgust,sadness, fear,, negative,, sadness,,,,,discontinuity
,,,1,,, disgust,sadness, fear,, negative,, sadness,,,,,diseased
,,,1,,, disgust,sadness, fear,, negative,, sadness,,,,,dismal
,,,1,,, disgust,sadness, fear,, negative,, sadness,,,,,dismemberment
,,,1,,, disgust,sadness, fear,, negative,, sadness,,,,,endemic
,,,1,,, disgust,sadness, fear,, negative,, sadness,,,,,exclusion
,,,1,,, disgust,sadness, fear,, negative,, sadness,,,,,failure
,,,1,,, disgust,sadness, fear,, negative,, sadness,,,,,ghetto
,,,1,,, disgust,sadness, fear,, negative,, sadness,,,,,hemorrhage
,,,1,,, disgust,sadness, fear,, negative,, sadness,,,,,hideous
,,,1,,, disgust,sadness, fear,, negative,, sadness,,,,,horrifying
,,,1,,, disgust,sadness, fear,, negative,, sadness,,,,,hydrocephalus
,,,1,,, disgust,sadness, fear,, negative,, sadness,,,,,ineptitude
,,,1,,, disgust,sadness, fear,, negative,, sadness,,,,,infectious
,,,1,,, disgust,sadness, fear,, negative,, sadness,,,,,lament
,,,1,,, disgust,sadness, fear,, negative,, sadness,,,,,leprosy
,,,1,,, disgust,sadness, fear,, negative,, sadness,,,,,lethal
,,,1,,, disgust,sadness, fear,, negative,, sadness,,,,,malaria
,,,1,,, disgust,sadness, fear,, negative,, sadness,,,,,measles
,,,1,,, disgust,sadness, fear,, negative,, sadness,,,,,morgue
,,,1,,, disgust,sadness, fear,, negative,, sadness,,,,,outcast
,,,1,,, disgust,sadness, fear,, negative,, sadness,,,,,palsy
,,,1,,, disgust,sadness, fear,, negative,, sadness,,,,,plague
,,,1,,, disgust,sadness, fear,, negative,, sadness,,,,,retard
,,,1,,, disgust,sadness, fear,, negative,, sadness,,,,,rot
,,,1,,, disgust,sadness, fear,, negative,, sadness,,,,,sacrifices
,,,1,,, disgust,sadness, fear,, negative,, sadness,,,,,servile
,,,1,,, disgust,sadness, fear,, negative,, sadness,,,,,shame
,,,1,,, disgust,sadness, fear,, negative,, sadness,,,,,sickness
,,,1,,, disgust,sadness, fear,, negative,, sadness,,,,,soulless
,,,1,,, disgust,sadness, fear,, negative,, sadness,,,,,subvert
,,,1,,, disgust,sadness, fear,, negative,, sadness,,,,,suffering
,,,1,,, disgust,sadness, fear,, negative,, sadness,,,,,suffocating
,,,1,,, disgust,sadness, fear,, negative,, sadness,,,,,sunk
,,,1,,, disgust,sadness, fear,, negative,, sadness,,,,,tramp
,,,1,,, disgust,sadness, fear,, negative,, sadness,,,,,travesty
,,,1,,, disgust,sadness, fear,, negative,, sadness,,,,,ugliness
,,,1,,, disgust,sadness, fear,, negative,, sadness,,,,,unhealthy
,,,1,,, disgust,sadness, fear,, negative,, sadness,,,,,varicella
,,,1,,, disgust,sadness, fear,, negative,, sadness,,,,,wasting
,,,1,,, disgust,sadness, fear,, negative,, sadness,,,,,woe
,,,1,,, disgust,sadness, fear,, negative,, sadness,, surprise,,,cadaver
,,,1,,, disgust,sadness, fear,, negative,, sadness,, surprise,,,dire
,,,1,,, disgust,sadness, fear,, negative,, sadness,, surprise,,,dreadfully
,,,1,,, disgust,sadness, fear,, negative,, sadness,, surprise,,,mishap
,,,1,,, disgust,sadness, fear,, negative,, sadness,, surprise,,,nefarious
,,,1,, anticip,,sadness,,,,, sadness,,,,,depart
,,,1,, anticip,,sadness,,,,, sadness,,,,,longing
,,,1,, anticip,,sadness,,,,, sadness,,,,,ultimate
,,,1,, anticip,,sadness,,,,, sadness,, surprise,,,thirst
,,,1,, anticip,,sadness,,, negative,, sadness,,,,,exhaustion
,,,1,, anticip,,sadness,,, negative,, sadness,,,,,uneasiness
,,,1,, anticip,,sadness,,, negative,, sadness,,,,,unexplained
,,,1,, anticip,,sadness,,, negative,, sadness,,,,,unpublished
,,,1,, anticip,,sadness,,, negative,, sadness,, surprise,,,overdue
,,,1,, anticip,,sadness,, joy,, positive, sadness,,,,,closure
,,,1,, anticip,,sadness,, joy,, positive, sadness,,,,,commemorate
,,,1,, anticip,,sadness,, joy,, positive, sadness,,, trust,,consecration
,,,1,, anticip,,sadness,, joy,, positive, sadness,,, trust,,hymn
,,,1,, anticip,,sadness,, joy,, positive, sadness,,, trust,,priesthood
,,,1,, anticip,,sadness,, joy,, positive, sadness,,, trust,,progression
,,,1,, anticip,,sadness,, joy,, positive, sadness,,, trust,,sing
,,,1,, anticip,,sadness,, joy,, positive, sadness,,, trust,,sweetheart
,,,1,, anticip,,sadness,, joy,, positive, sadness,,, trust,,undying
,,,1,, anticip,,sadness,, joy,, positive, sadness,, surprise,,,art
,,,1,, anticip,,sadness,, joy,, positive, sadness,, surprise, trust,,lovely
,,,1,, anticip,,sadness,, joy,, positive, sadness,, surprise, trust,,sanctify
,,,1,, anticip,,sadness,, joy, negative, positive, sadness,,, trust,,income
,,,1,, anticip,,sadness,, joy, negative, positive, sadness,,, trust,,mother
,,,1,, anticip,,sadness,, joy, negative, positive, sadness,, surprise,,,unbeaten
,,,1,, anticip,,sadness, fear,,,, sadness,,,,,probation
,,,1,, anticip,,sadness, fear,,,, sadness,,,,,wilderness
,,,1,, anticip,,sadness, fear,, negative,, sadness,,,,,adrift
,,,1,, anticip,,sadness, fear,, negative,, sadness,,,,,cataract
,,,1,, anticip,,sadness, fear,, negative,, sadness,,,,,hunter
,,,1,, anticip,,sadness, fear,, negative,, sadness,,,,,peril
,,,1,, anticip,,sadness, fear,, negative,, sadness,,,,,perilous
,,,1,, anticip,,sadness, fear,, negative,, sadness,,,,,plea
,,,1,, anticip,,sadness, fear,, negative,, sadness,,,,,precarious
,,,1,, anticip,,sadness, fear,, negative,, sadness,,,,,worry
,,,1,, anticip,,sadness, fear,, negative,, sadness,,,,,worrying
,,,1,, anticip,,sadness, fear,, negative,, sadness,, surprise,,,confession
,,,1,, anticip,,sadness, fear, joy,, positive, sadness,, surprise,,,destination
,,,1,, anticip,,sadness, fear, joy,, positive, sadness,, surprise, trust,,romance
,,,1,, anticip,,sadness, fear, joy, negative, positive, sadness,,, trust,,retirement
,,,1,, anticip, disgust,sadness,,, negative,, sadness,,, trust,,unaccountable
,,,1,, anticip, disgust,sadness,, joy,, positive, sadness,,, trust,,savor
,,,1,, anticip, disgust,sadness,, joy,, positive, sadness,, surprise, trust,,winning
,,,1,, anticip, disgust,sadness, fear,, negative,, sadness,,,,,mortification
,,,1,, anticip, disgust,sadness, fear,, negative,, sadness,,,,,plight
,,,1,, anticip, disgust,sadness, fear,, negative,, sadness,, surprise,,,flinch
,,,1,, anticip, disgust,sadness, fear, joy, negative, positive, sadness,, surprise, trust,,weight
,,,1, anger,,,sadness,,,, positive, sadness,,,,,soldier
,,,1, anger,,,sadness,,,, positive, sadness,, surprise, trust,,sisterhood
,,,1, anger,,,sadness,,, negative,,,,,,,smother
,,,1, anger,,,sadness,,, negative,, sadness,,,,,aggravating
,,,1, anger,,,sadness,,, negative,, sadness,,,,,bothering
,,,1, anger,,,sadness,,, negative,, sadness,,,,,choke
,,,1, anger,,,sadness,,, negative,, sadness,,,,,complain
,,,1, anger,,,sadness,,, negative,, sadness,,,,,concussion
,,,1, anger,,,sadness,,, negative,, sadness,,,,,confiscate
,,,1, anger,,,sadness,,, negative,, sadness,,,,,criticism
,,,1, anger,,,sadness,,, negative,, sadness,,,,,deflate
,,,1, anger,,,sadness,,, negative,, sadness,,,,,demolish
,,,1, anger,,,sadness,,, negative,, sadness,,,,,disagreeing
,,,1, anger,,,sadness,,, negative,, sadness,,,,,disagreement
,,,1, anger,,,sadness,,, negative,, sadness,,,,,disapproved
,,,1, anger,,,sadness,,, negative,, sadness,,,,,discriminate
,,,1, anger,,,sadness,,, negative,, sadness,,,,,disliked
,,,1, anger,,,sadness,,, negative,, sadness,,,,,disturbed
,,,1, anger,,,sadness,,, negative,, sadness,,,,,dumps
,,,1, anger,,,sadness,,, negative,, sadness,,,,,eschew
,,,1, anger,,,sadness,,, negative,, sadness,,,,,feudalism
,,,1, anger,,,sadness,,, negative,, sadness,,,,,forfeit
,,,1, anger,,,sadness,,, negative,, sadness,,,,,forsaken
,,,1, anger,,,sadness,,, negative,, sadness,,,,,fuss
,,,1, anger,,,sadness,,, negative,, sadness,,,,,guilty
,,,1, anger,,,sadness,,, negative,, sadness,,,,,hamstring
,,,1, anger,,,sadness,,, negative,, sadness,,,,,harry
,,,1, anger,,,sadness,,, negative,, sadness,,,,,humiliate
,,,1, anger,,,sadness,,, negative,, sadness,,,,,incompetent
,,,1, anger,,,sadness,,, negative,, sadness,,,,,inimical
,,,1, anger,,,sadness,,, negative,, sadness,,,,,insignificant
,,,1, anger,,,sadness,,, negative,, sadness,,,,,limited
,,,1, anger,,,sadness,,, negative,, sadness,,,,,losing
,,,1, anger,,,sadness,,, negative,, sadness,,,,,melodrama
,,,1, anger,,,sadness,,, negative,, sadness,,,,,misunderstanding
,,,1, anger,,,sadness,,, negative,, sadness,,,,,moody
,,,1, anger,,,sadness,,, negative,, sadness,,,,,myopia
,,,1, anger,,,sadness,,, negative,, sadness,,,,,offended
,,,1, anger,,,sadness,,, negative,, sadness,,,,,onerous
,,,1, anger,,,sadness,,, negative,, sadness,,,,,oust
,,,1, anger,,,sadness,,, negative,, sadness,,,,,sedition
,,,1, anger,,,sadness,,, negative,, sadness,,,,,sore
,,,1, anger,,,sadness,,, negative,, sadness,,,,,sue
,,,1, anger,,,sadness,,, negative,, sadness,,,,,sullen
,,,1, anger,,,sadness,,, negative,, sadness,,,,,tolerate
,,,1, anger,,,sadness,,, negative,, sadness,,,,,touchy
,,,1, anger,,,sadness,,, negative,, sadness,,,,,tripping
,,,1, anger,,,sadness,,, negative,, sadness,,,,,unattainable
,,,1, anger,,,sadness,,, negative,, sadness,,,,,underpaid
,,,1, anger,,,sadness,,, negative,, sadness,,,,,unfairness
,,,1, anger,,,sadness,,, negative,, sadness,,,,,unforgiving
,,,1, anger,,,sadness,,, negative,, sadness,,,,,unpaid
,,,1, anger,,,sadness,,, negative,, sadness,,,,,upset
,,,1, anger,,,sadness,,, negative,, sadness,,,,,waffle
,,,1, anger,,,sadness,,, negative,, sadness,,,,,warp
,,,1, anger,,,sadness,,, negative,, sadness,,,,,willful
,,,1, anger,,,sadness,, joy,, positive, sadness,,, trust,,orchestra
,,,1, anger,,,sadness,, joy, negative,, sadness,,,,,liquor
,,,1, anger,,,sadness, fear,,,, sadness,,,,,defendant
,,,1, anger,,,sadness, fear,,,, sadness,,,,,displaced
,,,1, anger,,,sadness, fear,, negative,, sadness,,,,,abandoned
,,,1, anger,,,sadness, fear,, negative,, sadness,,,,,accursed
,,,1, anger,,,sadness, fear,, negative,, sadness,,,,,adversity
,,,1, anger,,,sadness, fear,, negative,, sadness,,,,,agony
,,,1, anger,,,sadness, fear,, negative,, sadness,,,,,anguish
,,,1, anger,,,sadness, fear,, negative,, sadness,,,,,annihilated
,,,1, anger,,,sadness, fear,, negative,, sadness,,,,,annihilation
,,,1, anger,,,sadness, fear,, negative,, sadness,,,,,arraignment
,,,1, anger,,,sadness, fear,, negative,, sadness,,,,,assailant
,,,1, anger,,,sadness, fear,, negative,, sadness,,,,,assassin
,,,1, anger,,,sadness, fear,, negative,, sadness,,,,,assassination
,,,1, anger,,,sadness, fear,, negative,, sadness,,,,,banished
,,,1, anger,,,sadness, fear,, negative,, sadness,,,,,battled
,,,1, anger,,,sadness, fear,, negative,, sadness,,,,,beating
,,,1, anger,,,sadness, fear,, negative,, sadness,,,,,blockade
,,,1, anger,,,sadness, fear,, negative,, sadness,,,,,broken
,,,1, anger,,,sadness, fear,, negative,, sadness,,,,,brute
,,,1, anger,,,sadness, fear,, negative,, sadness,,,,,bugaboo
,,,1, anger,,,sadness, fear,, negative,, sadness,,,,,burial
,,,1, anger,,,sadness, fear,, negative,, sadness,,,,,casualty
,,,1, anger,,,sadness, fear,, negative,, sadness,,,,,chaos
,,,1, anger,,,sadness, fear,, negative,, sadness,,,,,communism
,,,1, anger,,,sadness, fear,, negative,, sadness,,,,,confine
,,,1, anger,,,sadness, fear,, negative,, sadness,,,,,confinement
,,,1, anger,,,sadness, fear,, negative,, sadness,,,,,conflict
,,,1, anger,,,sadness, fear,, negative,, sadness,,,,,constraint
,,,1, anger,,,sadness, fear,, negative,, sadness,,,,,crazy
,,,1, anger,,,sadness, fear,, negative,, sadness,,,,,cross
,,,1, anger,,,sadness, fear,, negative,, sadness,,,,,cursed
,,,1, anger,,,sadness, fear,, negative,, sadness,,,,,damnation
,,,1, anger,,,sadness, fear,, negative,, sadness,,,,,darkness
,,,1, anger,,,sadness, fear,, negative,, sadness,,,,,dashed
,,,1, anger,,,sadness, fear,, negative,, sadness,,,,,delusion
,,,1, anger,,,sadness, fear,, negative,, sadness,,,,,deportation
,,,1, anger,,,sadness, fear,, negative,, sadness,,,,,depressed
,,,1, anger,,,sadness, fear,, negative,, sadness,,,,,destroyed
,,,1, anger,,,sadness, fear,, negative,, sadness,,,,,destroying
,,,1, anger,,,sadness, fear,, negative,, sadness,,,,,devastate
,,,1, anger,,,sadness, fear,, negative,, sadness,,,,,difficulty
,,,1, anger,,,sadness, fear,, negative,, sadness,,,,,disastrous
,,,1, anger,,,sadness, fear,, negative,, sadness,,,,,dispossessed
,,,1, anger,,,sadness, fear,, negative,, sadness,,,,,domination
,,,1, anger,,,sadness, fear,, negative,, sadness,,,,,encumbrance
,,,1, anger,,,sadness, fear,, negative,, sadness,,,,,enmity
,,,1, anger,,,sadness, fear,, negative,, sadness,,,,,executioner
,,,1, anger,,,sadness, fear,, negative,, sadness,,,,,exile
,,,1, anger,,,sadness, fear,, negative,, sadness,,,,,fatal
,,,1, anger,,,sadness, fear,, negative,, sadness,,,,,frightful
,,,1, anger,,,sadness, fear,, negative,, sadness,,,,,fury
,,,1, anger,,,sadness, fear,, negative,, sadness,,,,,gallows
,,,1, anger,,,sadness, fear,, negative,, sadness,,,,,grievous
,,,1, anger,,,sadness, fear,, negative,, sadness,,,,,halter
,,,1, anger,,,sadness, fear,, negative,, sadness,,,,,hurt
,,,1, anger,,,sadness, fear,, negative,, sadness,,,,,hurting
,,,1, anger,,,sadness, fear,, negative,, sadness,,,,,impotence
,,,1, anger,,,sadness, fear,, negative,, sadness,,,,,inequality
,,,1, anger,,,sadness, fear,, negative,, sadness,,,,,inflict
,,,1, anger,,,sadness, fear,, negative,, sadness,,,,,injure
,,,1, anger,,,sadness, fear,, negative,, sadness,,,,,injurious
,,,1, anger,,,sadness, fear,, negative,, sadness,,,,,injury
,,,1, anger,,,sadness, fear,, negative,, sadness,,,,,insecure
,,,1, anger,,,sadness, fear,, negative,, sadness,,,,,invader
,,,1, anger,,,sadness, fear,, negative,, sadness,,,,,irreconcilable
,,,1, anger,,,sadness, fear,, negative,, sadness,,,,,killing
,,,1, anger,,,sadness, fear,, negative,, sadness,,,,,leukemia
,,,1, anger,,,sadness, fear,, negative,, sadness,,,,,loss
,,,1, anger,,,sadness, fear,, negative,, sadness,,,,,loss
,,,1, anger,,,sadness, fear,, negative,, sadness,,,,,militia
,,,1, anger,,,sadness, fear,, negative,, sadness,,,,,mortality
,,,1, anger,,,sadness, fear,, negative,, sadness,,,,,mournful
,,,1, anger,,,sadness, fear,, negative,, sadness,,,,,nether
,,,1, anger,,,sadness, fear,, negative,, sadness,,,,,obliterate
,,,1, anger,,,sadness, fear,, negative,, sadness,,,,,obstacle
,,,1, anger,,,sadness, fear,, negative,, sadness,,,,,oppressor
,,,1, anger,,,sadness, fear,, negative,, sadness,,,,,penalty
,,,1, anger,,,sadness, fear,, negative,, sadness,,,,,pernicious
,,,1, anger,,,sadness, fear,, negative,, sadness,,,,,pessimism
,,,1, anger,,,sadness, fear,, negative,, sadness,,,,,prison
,,,1, anger,,,sadness, fear,, negative,, sadness,,,,,prosecute
,,,1, anger,,,sadness, fear,, negative,, sadness,,,,,psychosis
,,,1, anger,,,sadness, fear,, negative,, sadness,,,,,punishing
,,,1, anger,,,sadness, fear,, negative,, sadness,,,,,punitive
,,,1, anger,,,sadness, fear,, negative,, sadness,,,,,rating
,,,1, anger,,,sadness, fear,, negative,, sadness,,,,,ravenous
,,,1, anger,,,sadness, fear,, negative,, sadness,,,,,reject
,,,1, anger,,,sadness, fear,, negative,, sadness,,,,,rejects
,,,1, anger,,,sadness, fear,, negative,, sadness,,,,,remove
,,,1, anger,,,sadness, fear,, negative,, sadness,,,,,reprisal
,,,1, anger,,,sadness, fear,, negative,, sadness,,,,,resisting
,,,1, anger,,,sadness, fear,, negative,, sadness,,,,,restriction
,,,1, anger,,,sadness, fear,, negative,, sadness,,,,,retribution
,,,1, anger,,,sadness, fear,, negative,, sadness,,,,,revolver
,,,1, anger,,,sadness, fear,, negative,, sadness,,,,,rheumatism
,,,1, anger,,,sadness, fear,, negative,, sadness,,,,,scarcity
,,,1, anger,,,sadness, fear,, negative,, sadness,,,,,scourge
,,,1, anger,,,sadness, fear,, negative,, sadness,,,,,scrapie
,,,1, anger,,,sadness, fear,, negative,, sadness,,,,,shortage
,,,1, anger,,,sadness, fear,, negative,, sadness,,,,,skid
,,,1, anger,,,sadness, fear,, negative,, sadness,,,,,slave
,,,1, anger,,,sadness, fear,, negative,, sadness,,,,,smite
,,,1, anger,,,sadness, fear,, negative,, sadness,,,,,spank
,,,1, anger,,,sadness, fear,, negative,, sadness,,,,,steal
,,,1, anger,,,sadness, fear,, negative,, sadness,,,,,stifled
,,,1, anger,,,sadness, fear,, negative,, sadness,,,,,struggle
,,,1, anger,,,sadness, fear,, negative,, sadness,,,,,suicide
,,,1, anger,,,sadness, fear,, negative,, sadness,,,,,suppress
,,,1, anger,,,sadness, fear,, negative,, sadness,,,,,taunt
,,,1, anger,,,sadness, fear,, negative,, sadness,,,,,terrorize
,,,1, anger,,,sadness, fear,, negative,, sadness,,,,,thresh
,,,1, anger,,,sadness, fear,, negative,, sadness,,,,,torment
,,,1, anger,,,sadness, fear,, negative,, sadness,,,,,traumatic
,,,1, anger,,,sadness, fear,, negative,, sadness,,,,,turmoil
,,,1, anger,,,sadness, fear,, negative,, sadness,,,,,upheaval
,,,1, anger,,,sadness, fear,, negative,, sadness,,,,,vendetta
,,,1, anger,,,sadness, fear,, negative,, sadness,,,,,victim
,,,1, anger,,,sadness, fear,, negative,, sadness,,,,,violence
,,,1, anger,,,sadness, fear,, negative,, sadness,,,,,warfare
,,,1, anger,,,sadness, fear,, negative,, sadness,,,,,witchcraft
,,,1, anger,,,sadness, fear,, negative,, sadness,,,,,wound
,,,1, anger,,,sadness, fear,, negative,, sadness,,,,,wrecked
,,,1, anger,,,sadness, fear,, negative,, sadness,,,,,wrongly
,,,1, anger,,,sadness, fear,, negative,, sadness,,, trust,,execution
,,,1, anger,,,sadness, fear,, negative,, sadness,,, trust,,theocratic
,,,1, anger,,,sadness, fear,, negative,, sadness,, surprise,,,abandonment
,,,1, anger,,,sadness, fear,, negative,, sadness,, surprise,,,bomb
,,,1, anger,,,sadness, fear,, negative,, sadness,, surprise,,,defy
,,,1, anger,,,sadness, fear,, negative,, sadness,, surprise,,,devastation
,,,1, anger,,,sadness, fear,, negative,, sadness,, surprise,,,dissolution
,,,1, anger,,,sadness, fear,, negative,, sadness,, surprise,,,disturbance
,,,1, anger,,,sadness, fear,, negative,, sadness,, surprise,,,earthquake
,,,1, anger,,,sadness, fear,, negative,, sadness,, surprise,,,explode
,,,1, anger,,,sadness, fear,, negative,, sadness,, surprise,,,invade
,,,1, anger,,,sadness, fear,, negative,, sadness,, surprise,,,kidnap
,,,1, anger,,,sadness, fear,, negative,, sadness,, surprise,,,paralyzed
,,,1, anger,,,sadness, fear,, negative,, sadness,, surprise,,,punch
,,,1, anger,,,sadness, fear,, negative,, sadness,, surprise,,,shatter
,,,1, anger,,,sadness, fear,, negative,, sadness,, surprise,,,shell
,,,1, anger,,,sadness, fear,, negative,, sadness,, surprise,,,shot
,,,1, anger,,,sadness, fear,, negative,, sadness,, surprise,,,shriek
,,,1, anger,,,sadness, fear,, negative,, sadness,, surprise,,,stab
,,,1, anger,,,sadness, fear,, negative,, sadness,, surprise,,,treachery
,,,1, anger,,,sadness, fear,, negative,, sadness,, surprise,,,violation
,,,1, anger,,,sadness, fear,, negative, positive, sadness,,,,,mug
,,,1, anger,,,sadness, fear,, negative, positive, sadness,,, trust,,lace
,,,1, anger,,,sadness, fear, joy, negative, positive, sadness,,, trust,,endless
,,,1, anger,,,sadness, fear, joy, negative, positive, sadness,, surprise,,,outburst
,,,1, anger,, disgust,sadness,,, negative,, sadness,,,,,banishment
,,,1, anger,, disgust,sadness,,, negative,, sadness,,,,,betrayal
,,,1, anger,, disgust,sadness,,, negative,, sadness,,,,,bitterly
,,,1, anger,, disgust,sadness,,, negative,, sadness,,,,,bitterness
,,,1, anger,, disgust,sadness,,, negative,, sadness,,,,,condescension
,,,1, anger,, disgust,sadness,,, negative,, sadness,,,,,damage
,,,1, anger,, disgust,sadness,,, negative,, sadness,,,,,deceive
,,,1, anger,, disgust,sadness,,, negative,, sadness,,,,,degeneracy
,,,1, anger,, disgust,sadness,,, negative,, sadness,,,,,deplore
,,,1, anger,, disgust,sadness,,, negative,, sadness,,,,,disappoint
,,,1, anger,, disgust,sadness,,, negative,, sadness,,,,,disappointed
,,,1, anger,, disgust,sadness,,, negative,, sadness,,,,,disapproving
,,,1, anger,, disgust,sadness,,, negative,, sadness,,,,,disgrace
,,,1, anger,, disgust,sadness,,, negative,, sadness,,,,,disgraced
,,,1, anger,, disgust,sadness,,, negative,, sadness,,,,,disgruntled
,,,1, anger,, disgust,sadness,,, negative,, sadness,,,,,dishonest
,,,1, anger,, disgust,sadness,,, negative,, sadness,,,,,disillusionment
,,,1, anger,, disgust,sadness,,, negative,, sadness,,,,,disparage
,,,1, anger,, disgust,sadness,,, negative,, sadness,,,,,disparaging
,,,1, anger,, disgust,sadness,,, negative,, sadness,,,,,disparity
,,,1, anger,, disgust,sadness,,, negative,, sadness,,,,,disqualified
,,,1, anger,, disgust,sadness,,, negative,, sadness,,,,,disservice
,,,1, anger,, disgust,sadness,,, negative,, sadness,,,,,fleece
,,,1, anger,, disgust,sadness,,, negative,, sadness,,,,,frowning
,,,1, anger,, disgust,sadness,,, negative,, sadness,,,,,frustrate
,,,1, anger,, disgust,sadness,,, negative,, sadness,,,,,grievance
,,,1, anger,, disgust,sadness,,, negative,, sadness,,,,,grumpy
,,,1, anger,, disgust,sadness,,, negative,, sadness,,,,,humbug
,,,1, anger,, disgust,sadness,,, negative,, sadness,,,,,idiocy
,,,1, anger,, disgust,sadness,,, negative,, sadness,,,,,inappropriate
,,,1, anger,, disgust,sadness,,, negative,, sadness,,,,,incompatible
,,,1, anger,, disgust,sadness,,, negative,, sadness,,,,,inconsiderate
,,,1, anger,, disgust,sadness,,, negative,, sadness,,,,,inconvenient
,,,1, anger,, disgust,sadness,,, negative,, sadness,,,,,inexcusable
,,,1, anger,, disgust,sadness,,, negative,, sadness,,,,,inhibit
,,,1, anger,, disgust,sadness,,, negative,, sadness,,,,,irritation
,,,1, anger,, disgust,sadness,,, negative,, sadness,,,,,lie
,,,1, anger,, disgust,sadness,,, negative,, sadness,,,,,miserable
,,,1, anger,, disgust,sadness,,, negative,, sadness,,,,,mocking
,,,1, anger,, disgust,sadness,,, negative,, sadness,,,,,neglected
,,,1, anger,, disgust,sadness,,, negative,, sadness,,,,,nepotism
,,,1, anger,, disgust,sadness,,, negative,, sadness,,,,,obnoxious
,,,1, anger,, disgust,sadness,,, negative,, sadness,,,,,overpriced
,,,1, anger,, disgust,sadness,,, negative,, sadness,,,,,paucity
,,,1, anger,, disgust,sadness,,, negative,, sadness,,,,,perversion
,,,1, anger,, disgust,sadness,,, negative,, sadness,,,,,recidivism
,,,1, anger,, disgust,sadness,,, negative,, sadness,,,,,remiss
,,,1, anger,, disgust,sadness,,, negative,, sadness,,,,,reproach
,,,1, anger,, disgust,sadness,,, negative,, sadness,,,,,resentment
,,,1, anger,, disgust,sadness,,, negative,, sadness,,,,,ridicule
,,,1, anger,, disgust,sadness,,, negative,, sadness,,,,,sarcasm
,,,1, anger,, disgust,sadness,,, negative,, sadness,,,,,segregate
,,,1, anger,, disgust,sadness,,, negative,, sadness,,,,,shun
,,,1, anger,, disgust,sadness,,, negative,, sadness,,,,,slur
,,,1, anger,, disgust,sadness,,, negative,, sadness,,,,,uncaring
,,,1, anger,, disgust,sadness,,, negative,, sadness,,,,,unfair
,,,1, anger,, disgust,sadness,,, negative,, sadness,,,,,unhappy
,,,1, anger,, disgust,sadness,,, negative,, sadness,,,,,vulgarity
,,,1, anger,, disgust,sadness,,, negative,, sadness,,,,,wasteful
,,,1, anger,, disgust,sadness,,, negative,, sadness,,,,,worthless
,,,1, anger,, disgust,sadness,,, negative,, sadness,,,,,wretch
,,,1, anger,, disgust,sadness,,, negative,, sadness,,,,,wrongdoing
,,,1, anger,, disgust,sadness,,, negative,, sadness,,,,,wrongful
,,,1, anger,, disgust,sadness,,, negative,, sadness,, surprise,,,betray
,,,1, anger,, disgust,sadness,,, negative,, sadness,, surprise,,,hoax
,,,1, anger,, disgust,sadness,,, negative,, sadness,, surprise,,,insult
,,,1, anger,, disgust,sadness, fear,, negative,, sadness,,,,,abuse
,,,1, anger,, disgust,sadness, fear,, negative,, sadness,,,,,adder
,,,1, anger,, disgust,sadness, fear,, negative,, sadness,,,,,adverse
,,,1, anger,, disgust,sadness, fear,, negative,, sadness,,,,,aftermath
,,,1, anger,, disgust,sadness, fear,, negative,, sadness,,,,,alcoholism
,,,1, anger,, disgust,sadness, fear,, negative,, sadness,,,,,alienation
,,,1, anger,, disgust,sadness, fear,, negative,, sadness,,,,,anathema
,,,1, anger,, disgust,sadness, fear,, negative,, sadness,,,,,animosity
,,,1, anger,, disgust,sadness, fear,, negative,, sadness,,,,,antisocial
,,,1, anger,, disgust,sadness, fear,, negative,, sadness,,,,,atrocity
,,,1, anger,, disgust,sadness, fear,, negative,, sadness,,,,,awful
,,,1, anger,, disgust,sadness, fear,, negative,, sadness,,,,,bad
,,,1, anger,, disgust,sadness, fear,, negative,, sadness,,,,,banish
,,,1, anger,, disgust,sadness, fear,, negative,, sadness,,,,,bankruptcy
,,,1, anger,, disgust,sadness, fear,, negative,, sadness,,,,,banshee
,,,1, anger,, disgust,sadness, fear,, negative,, sadness,,,,,belittle
,,,1, anger,, disgust,sadness, fear,, negative,, sadness,,,,,bigoted
,,,1, anger,, disgust,sadness, fear,, negative,, sadness,,,,,bitch
,,,1, anger,, disgust,sadness, fear,, negative,, sadness,,,,,blemish
,,,1, anger,, disgust,sadness, fear,, negative,, sadness,,,,,bloody
,,,1, anger,, disgust,sadness, fear,, negative,, sadness,,,,,burke
,,,1, anger,, disgust,sadness, fear,, negative,, sadness,,,,,cancer
,,,1, anger,, disgust,sadness, fear,, negative,, sadness,,,,,coercion
,,,1, anger,, disgust,sadness, fear,, negative,, sadness,,,,,coldness
,,,1, anger,, disgust,sadness, fear,, negative,, sadness,,,,,collusion
,,,1, anger,, disgust,sadness, fear,, negative,, sadness,,,,,confined
,,,1, anger,, disgust,sadness, fear,, negative,, sadness,,,,,convict
,,,1, anger,, disgust,sadness, fear,, negative,, sadness,,,,,corrupting
,,,1, anger,, disgust,sadness, fear,, negative,, sadness,,,,,criticize
,,,1, anger,, disgust,sadness, fear,, negative,, sadness,,,,,crucifixion
,,,1, anger,, disgust,sadness, fear,, negative,, sadness,,,,,cruel
,,,1, anger,, disgust,sadness, fear,, negative,, sadness,,,,,cruelty
,,,1, anger,, disgust,sadness, fear,, negative,, sadness,,,,,crushed
,,,1, anger,, disgust,sadness, fear,, negative,, sadness,,,,,curse
,,,1, anger,, disgust,sadness, fear,, negative,, sadness,,,,,cutting
,,,1, anger,, disgust,sadness, fear,, negative,, sadness,,,,,deadly
,,,1, anger,, disgust,sadness, fear,, negative,, sadness,,,,,delay
,,,1, anger,, disgust,sadness, fear,, negative,, sadness,,,,,demon
,,,1, anger,, disgust,sadness, fear,, negative,, sadness,,,,,demonic
,,,1, anger,, disgust,sadness, fear,, negative,, sadness,,,,,deplorable
,,,1, anger,, disgust,sadness, fear,, negative,, sadness,,,,,depreciated
,,,1, anger,, disgust,sadness, fear,, negative,, sadness,,,,,deprivation
,,,1, anger,, disgust,sadness, fear,, negative,, sadness,,,,,derogation
,,,1, anger,, disgust,sadness, fear,, negative,, sadness,,,,,derogatory
,,,1, anger,, disgust,sadness, fear,, negative,, sadness,,,,,desecration
,,,1, anger,, disgust,sadness, fear,, negative,, sadness,,,,,desert
,,,1, anger,, disgust,sadness, fear,, negative,, sadness,,,,,deserted
,,,1, anger,, disgust,sadness, fear,, negative,, sadness,,,,,despair
,,,1, anger,, disgust,sadness, fear,, negative,, sadness,,,,,despotism
,,,1, anger,, disgust,sadness, fear,, negative,, sadness,,,,,deterioration
,,,1, anger,, disgust,sadness, fear,, negative,, sadness,,,,,disallowed
,,,1, anger,, disgust,sadness, fear,, negative,, sadness,,,,,disapprove
,,,1, anger,, disgust,sadness, fear,, negative,, sadness,,,,,discontent
,,,1, anger,, disgust,sadness, fear,, negative,, sadness,,,,,discrimination
,,,1, anger,, disgust,sadness, fear,, negative,, sadness,,,,,disease
,,,1, anger,, disgust,sadness, fear,, negative,, sadness,,,,,disfigured
,,,1, anger,, disgust,sadness, fear,, negative,, sadness,,,,,disgust
,,,1, anger,, disgust,sadness, fear,, negative,, sadness,,,,,dishonor
,,,1, anger,, disgust,sadness, fear,, negative,, sadness,,,,,dislocated
,,,1, anger,, disgust,sadness, fear,, negative,, sadness,,,,,displeased
,,,1, anger,, disgust,sadness, fear,, negative,, sadness,,,,,disrespectful
,,,1, anger,, disgust,sadness, fear,, negative,, sadness,,,,,duress
,,,1, anger,, disgust,sadness, fear,, negative,, sadness,,,,,dying
,,,1, anger,, disgust,sadness, fear,, negative,, sadness,,,,,elimination
,,,1, anger,, disgust,sadness, fear,, negative,, sadness,,,,,enslaved
,,,1, anger,, disgust,sadness, fear,, negative,, sadness,,,,,entangled
,,,1, anger,, disgust,sadness, fear,, negative,, sadness,,,,,eviction
,,,1, anger,, disgust,sadness, fear,, negative,, sadness,,,,,evil
,,,1, anger,, disgust,sadness, fear,, negative,, sadness,,,,,expel
,,,1, anger,, disgust,sadness, fear,, negative,, sadness,,,,,expulsion
,,,1, anger,, disgust,sadness, fear,, negative,, sadness,,,,,flog
,,,1, anger,, disgust,sadness, fear,, negative,, sadness,,,,,gonorrhea
,,,1, anger,, disgust,sadness, fear,, negative,, sadness,,,,,gore
,,,1, anger,, disgust,sadness, fear,, negative,, sadness,,,,,gory
,,,1, anger,, disgust,sadness, fear,, negative,, sadness,,,,,hanging
,,,1, anger,, disgust,sadness, fear,, negative,, sadness,,,,,harmful
,,,1, anger,, disgust,sadness, fear,, negative,, sadness,,,,,hate
,,,1, anger,, disgust,sadness, fear,, negative,, sadness,,,,,hateful
,,,1, anger,, disgust,sadness, fear,, negative,, sadness,,,,,hatred
,,,1, anger,, disgust,sadness, fear,, negative,, sadness,,,,,hell
,,,1, anger,, disgust,sadness, fear,, negative,, sadness,,,,,hellish
,,,1, anger,, disgust,sadness, fear,, negative,, sadness,,,,,holocaust
,,,1, anger,, disgust,sadness, fear,, negative,, sadness,,,,,homicide
,,,1, anger,, disgust,sadness, fear,, negative,, sadness,,,,,hopelessness
,,,1, anger,, disgust,sadness, fear,, negative,, sadness,,,,,horrid
,,,1, anger,, disgust,sadness, fear,, negative,, sadness,,,,,horrific
,,,1, anger,, disgust,sadness, fear,, negative,, sadness,,,,,hurtful
,,,1, anger,, disgust,sadness, fear,, negative,, sadness,,,,,ill
,,,1, anger,, disgust,sadness, fear,, negative,, sadness,,,,,illegal
,,,1, anger,, disgust,sadness, fear,, negative,, sadness,,,,,immoral
,,,1, anger,, disgust,sadness, fear,, negative,, sadness,,,,,imprisoned
,,,1, anger,, disgust,sadness, fear,, negative,, sadness,,,,,imprisonment
,,,1, anger,, disgust,sadness, fear,, negative,, sadness,,,,,incarceration
,,,1, anger,, disgust,sadness, fear,, negative,, sadness,,,,,incase
,,,1, anger,, disgust,sadness, fear,, negative,, sadness,,,,,incest
,,,1, anger,, disgust,sadness, fear,, negative,, sadness,,,,,incurable
,,,1, anger,, disgust,sadness, fear,, negative,, sadness,,,,,indifference
,,,1, anger,, disgust,sadness, fear,, negative,, sadness,,,,,infidelity
,,,1, anger,, disgust,sadness, fear,, negative,, sadness,,,,,inhuman
,,,1, anger,, disgust,sadness, fear,, negative,, sadness,,,,,insanity
,,,1, anger,, disgust,sadness, fear,, negative,, sadness,,,,,insulting
,,,1, anger,, disgust,sadness, fear,, negative,, sadness,,,,,intolerant
,,,1, anger,, disgust,sadness, fear,, negative,, sadness,,,,,jealousy
,,,1, anger,, disgust,sadness, fear,, negative,, sadness,,,,,lonely
,,,1, anger,, disgust,sadness, fear,, negative,, sadness,,,,,lunacy
,,,1, anger,, disgust,sadness, fear,, negative,, sadness,,,,,lynch
,,,1, anger,, disgust,sadness, fear,, negative,, sadness,,,,,mad
,,,1, anger,, disgust,sadness, fear,, negative,, sadness,,,,,malevolent
,,,1, anger,, disgust,sadness, fear,, negative,, sadness,,,,,malicious
,,,1, anger,, disgust,sadness, fear,, negative,, sadness,,,,,mangle
,,,1, anger,, disgust,sadness, fear,, negative,, sadness,,,,,massacre
,,,1, anger,, disgust,sadness, fear,, negative,, sadness,,,,,misery
,,,1, anger,, disgust,sadness, fear,, negative,, sadness,,,,,molestation
,,,1, anger,, disgust,sadness, fear,, negative,, sadness,,,,,morbidity
,,,1, anger,, disgust,sadness, fear,, negative,, sadness,,,,,murderer
,,,1, anger,, disgust,sadness, fear,, negative,, sadness,,,,,mutilation
,,,1, anger,, disgust,sadness, fear,, negative,, sadness,,,,,nasty
,,,1, anger,, disgust,sadness, fear,, negative,, sadness,,,,,offender
,,,1, anger,, disgust,sadness, fear,, negative,, sadness,,,,,offense
,,,1, anger,, disgust,sadness, fear,, negative,, sadness,,,,,opium
,,,1, anger,, disgust,sadness, fear,, negative,, sadness,,,,,oppress
,,,1, anger,, disgust,sadness, fear,, negative,, sadness,,,,,oppression
,,,1, anger,, disgust,sadness, fear,, negative,, sadness,,,,,oppressive
,,,1, anger,, disgust,sadness, fear,, negative,, sadness,,,,,painful
,,,1, anger,, disgust,sadness, fear,, negative,, sadness,,,,,perdition
,,,1, anger,, disgust,sadness, fear,, negative,, sadness,,,,,perpetrator
,,,1, anger,, disgust,sadness, fear,, negative,, sadness,,,,,persecution
,,,1, anger,, disgust,sadness, fear,, negative,, sadness,,,,,poaching
,,,1, anger,, disgust,sadness, fear,, negative,, sadness,,,,,poison
,,,1, anger,, disgust,sadness, fear,, negative,, sadness,,,,,poisoned
,,,1, anger,, disgust,sadness, fear,, negative,, sadness,,,,,poisonous
,,,1, anger,, disgust,sadness, fear,, negative,, sadness,,,,,poverty
,,,1, anger,, disgust,sadness, fear,, negative,, sadness,,,,,powerless
,,,1, anger,, disgust,sadness, fear,, negative,, sadness,,,,,prisoner
,,,1, anger,, disgust,sadness, fear,, negative,, sadness,,,,,rape
,,,1, anger,, disgust,sadness, fear,, negative,, sadness,,,,,recession
,,,1, anger,, disgust,sadness, fear,, negative,, sadness,,,,,rejection
,,,1, anger,, disgust,sadness, fear,, negative,, sadness,,,,,resign
,,,1, anger,, disgust,sadness, fear,, negative,, sadness,,,,,revoke
,,,1, anger,, disgust,sadness, fear,, negative,, sadness,,,,,rob
,,,1, anger,, disgust,sadness, fear,, negative,, sadness,,,,,robbery
,,,1, anger,, disgust,sadness, fear,, negative,, sadness,,,,,ruined
,,,1, anger,, disgust,sadness, fear,, negative,, sadness,,,,,ruinous
,,,1, anger,, disgust,sadness, fear,, negative,, sadness,,,,,scar
,,,1, anger,, disgust,sadness, fear,, negative,, sadness,,,,,schizophrenia
,,,1, anger,, disgust,sadness, fear,, negative,, sadness,,,,,scold
,,,1, anger,, disgust,sadness, fear,, negative,, sadness,,,,,sickening
,,,1, anger,, disgust,sadness, fear,, negative,, sadness,,,,,sin
,,,1, anger,, disgust,sadness, fear,, negative,, sadness,,,,,sinful
,,,1, anger,, disgust,sadness, fear,, negative,, sadness,,,,,sinner
,,,1, anger,, disgust,sadness, fear,, negative,, sadness,,,,,slaughterhouse
,,,1, anger,, disgust,sadness, fear,, negative,, sadness,,,,,slavery
,,,1, anger,, disgust,sadness, fear,, negative,, sadness,,,,,socialist
,,,1, anger,, disgust,sadness, fear,, negative,, sadness,,,,,sordid
,,,1, anger,, disgust,sadness, fear,, negative,, sadness,,,,,stigma
,,,1, anger,, disgust,sadness, fear,, negative,, sadness,,,,,stingy
,,,1, anger,, disgust,sadness, fear,, negative,, sadness,,,,,subjugation
,,,1, anger,, disgust,sadness, fear,, negative,, sadness,,,,,suicidal
,,,1, anger,, disgust,sadness, fear,, negative,, sadness,,,,,terrible
,,,1, anger,, disgust,sadness, fear,, negative,, sadness,,,,,terrorism
,,,1, anger,, disgust,sadness, fear,, negative,, sadness,,,,,theft
,,,1, anger,, disgust,sadness, fear,, negative,, sadness,,,,,thrash
,,,1, anger,, disgust,sadness, fear,, negative,, sadness,,,,,traitor
,,,1, anger,, disgust,sadness, fear,, negative,, sadness,,,,,tyrant
,,,1, anger,, disgust,sadness, fear,, negative,, sadness,,,,,ulcer
,,,1, anger,, disgust,sadness, fear,, negative,, sadness,,,,,undesirable
,,,1, anger,, disgust,sadness, fear,, negative,, sadness,,,,,unequal
,,,1, anger,, disgust,sadness, fear,, negative,, sadness,,,,,unfriendly
,,,1, anger,, disgust,sadness, fear,, negative,, sadness,,,,,unkind
,,,1, anger,, disgust,sadness, fear,, negative,, sadness,,,,,unlawful
,,,1, anger,, disgust,sadness, fear,, negative,, sadness,,,,,unlucky
,,,1, anger,, disgust,sadness, fear,, negative,, sadness,,,,,violently
,,,1, anger,, disgust,sadness, fear,, negative,, sadness,,,,,wimpy
,,,1, anger,, disgust,sadness, fear,, negative,, sadness,,,,,wince
,,,1, anger,, disgust,sadness, fear,, negative,, sadness,,,,,wrangling
,,,1, anger,, disgust,sadness, fear,, negative,, sadness,,, trust,,devastating
,,,1, anger,, disgust,sadness, fear,, negative,, sadness,,, trust,,fugitive
,,,1, anger,, disgust,sadness, fear,, negative,, sadness,, surprise,,,affront
,,,1, anger,, disgust,sadness, fear,, negative,, sadness,, surprise,,,attacking
,,,1, anger,, disgust,sadness, fear,, negative,, sadness,, surprise,,,bang
,,,1, anger,, disgust,sadness, fear,, negative,, sadness,, surprise,,,bloodshed
,,,1, anger,, disgust,sadness, fear,, negative,, sadness,, surprise,,,carnage
,,,1, anger,, disgust,sadness, fear,, negative,, sadness,, surprise,,,catastrophe
,,,1, anger,, disgust,sadness, fear,, negative,, sadness,, surprise,,,daemon
,,,1, anger,, disgust,sadness, fear,, negative,, sadness,, surprise,,,deceit
,,,1, anger,, disgust,sadness, fear,, negative,, sadness,, surprise,,,disaster
,,,1, anger,, disgust,sadness, fear,, negative,, sadness,, surprise,,,dismissal
,,,1, anger,, disgust,sadness, fear,, negative,, sadness,, surprise,,,distress
,,,1, anger,, disgust,sadness, fear,, negative,, sadness,, surprise,,,horror
,,,1, anger,, disgust,sadness, fear,, negative,, sadness,, surprise,,,howl
,,,1, anger,, disgust,sadness, fear,, negative,, sadness,, surprise,,,illegitimate
,,,1, anger,, disgust,sadness, fear,, negative,, sadness,, surprise,,,lawsuit
,,,1, anger,, disgust,sadness, fear,, negative,, sadness,, surprise,,,lose
,,,1, anger,, disgust,sadness, fear,, negative,, sadness,, surprise,,,manslaughter
,,,1, anger,, disgust,sadness, fear,, negative,, sadness,, surprise,,,murder
,,,1, anger,, disgust,sadness, fear,, negative,, sadness,, surprise,,,murderous
,,,1, anger,, disgust,sadness, fear,, negative,, sadness,, surprise,,,pitfall
,,,1, anger,, disgust,sadness, fear,, negative,, sadness,, surprise,,,plunder
,,,1, anger,, disgust,sadness, fear,, negative,, sadness,, surprise,,,sabotage
,,,1, anger,, disgust,sadness, fear,, negative,, sadness,, surprise,,,senseless
,,,1, anger,, disgust,sadness, fear,, negative,, sadness,, surprise,,,slaughter
,,,1, anger,, disgust,sadness, fear,, negative,, sadness,, surprise,,,slaughtering
,,,1, anger,, disgust,sadness, fear,, negative,, sadness,, surprise,,,slayer
,,,1, anger,, disgust,sadness, fear,, negative,, sadness,, surprise,,,strangle
,,,1, anger,, disgust,sadness, fear,, negative,, sadness,, surprise,,,terrorist
,,,1, anger,, disgust,sadness, fear,, negative,, sadness,, surprise,,,thief
,,,1, anger,, disgust,sadness, fear,, negative,, sadness,, surprise,,,trickery
,,,1, anger,, disgust,sadness, fear,, negative,, sadness,, surprise,,,victimized
,,,1, anger,, disgust,sadness, fear,, negative,, sadness,, surprise,,,wreck
,,,1, anger,, disgust,sadness, fear,, negative,, sadness,, surprise, trust,,divorce
,,,1, anger,, disgust,sadness, fear, joy,, positive, sadness,,, trust,,honest
,,,1, anger, anticip,,sadness,,, negative,, sadness,,,,,tease
,,,1, anger, anticip,,sadness,,, negative,, sadness,, surprise,,,unfulfilled
,,,1, anger, anticip,,sadness,, joy,, positive, sadness,, surprise, trust,,musical
,,,1, anger, anticip,,sadness,, joy, negative, positive, sadness,, surprise, trust,,vote
,,,1, anger, anticip,,sadness, fear,, negative,, sadness,,,,,anxiety
,,,1, anger, anticip,,sadness, fear,, negative,, sadness,,,,,detainee
,,,1, anger, anticip,,sadness, fear,, negative,, sadness,,,,,failing
,,,1, anger, anticip,,sadness, fear,, negative,, sadness,,,,,noncompliance
,,,1, anger, anticip,,sadness, fear,, negative,, sadness,,,,,paralysis
,,,1, anger, anticip,,sadness, fear,, negative,, sadness,,,,,pare
,,,1, anger, anticip,,sadness, fear,, negative,, sadness,,,,,shiver
,,,1, anger, anticip,,sadness, fear,, negative,, sadness,,,,,tremor
,,,1, anger, anticip,,sadness, fear,, negative,, sadness,, surprise,,,dismay
,,,1, anger, anticip,,sadness, fear,, negative,, sadness,, surprise,,,tempest
,,,1, anger, anticip,,sadness, fear,, negative, positive, sadness,, surprise,,,revolution
,,,1, anger, anticip,,sadness, fear, joy,, positive, sadness,, surprise, trust,,opera
,,,1, anger, anticip, disgust,sadness,,, negative,, sadness,,,,,lagging
,,,1, anger, anticip, disgust,sadness, fear,, negative,, sadness,,,,,condemnation
,,,1, anger, anticip, disgust,sadness, fear,, negative,, sadness,,,,,depraved
,,,1, anger, anticip, disgust,sadness, fear,, negative,, sadness,,,,,devil
,,,1, anger, anticip, disgust,sadness, fear,, negative,, sadness,,,,,dictatorship
,,,1, anger, anticip, disgust,sadness, fear,, negative,, sadness,,,,,doomsday
,,,1, anger, anticip, disgust,sadness, fear,, negative,, sadness,,,,,dreadful
,,,1, anger, anticip, disgust,sadness, fear,, negative,, sadness,,,,,grim
,,,1, anger, anticip, disgust,sadness, fear,, negative,, sadness,,,,,guillotine
,,,1, anger, anticip, disgust,sadness, fear,, negative,, sadness,,,,,homeless
,,,1, anger, anticip, disgust,sadness, fear,, negative,, sadness,,,,,infanticide
,,,1, anger, anticip, disgust,sadness, fear,, negative,, sadness,,,,,litigate
,,,1, anger, anticip, disgust,sadness, fear,, negative,, sadness,,,,,punished
,,,1, anger, anticip, disgust,sadness, fear,, negative,, sadness,,,,,rabid
,,,1, anger, anticip, disgust,sadness, fear,, negative,, sadness,,,,,sentence
,,,1, anger, anticip, disgust,sadness, fear,, negative,, sadness,,,,,shackle
,,,1, anger, anticip, disgust,sadness, fear,, negative,, sadness,,,,,stripped
,,,1, anger, anticip, disgust,sadness, fear,, negative,, sadness,,,,,torture
,,,1, anger, anticip, disgust,sadness, fear,, negative,, sadness,,, trust,,owing
,,,1, anger, anticip, disgust,sadness, fear,, negative,, sadness,, surprise,,,death
,,,1, anger, anticip, disgust,sadness, fear,, negative,, sadness,, surprise,,,epidemic
,,,1, anger, anticip, disgust,sadness, fear, joy, negative, positive, sadness,, surprise, trust,,feeling
,,,1, anger, anticip, disgust,sadness, fear, joy, negative, positive, sadness,, surprise, trust,,treat
